0,TS_Start,1651932612982702369
8,TS_Start,1651932612982729679
1,TS_Start,1651932612982685292
6,TS_Start,1651932612982815182
4,TS_Start,1651932612982804485
7,TS_Start,1651932612982827111
5,TS_Start,1651932612982826952
2,TS_Start,1651932612982835315
3,TS_Start,1651932612982711062
6,TS_End,1651932613488047082
4,TS_End,1651932613488175660
3,TS_End,1651932613488085463
8,TS_End,1651932613488108484
5,TS_End,1651932613488125339
1,TS_End,1651932613488139844
2,TS_End,1651932613488157135
7,TS_End,1651932613488048833
0,TS_End,1651932613488182665
